snr_db,ber
0,0.154375
2,0.1075
4,0.050625
6,0.0240625
8,0.0059375
10,0.001875
12,0.0
